Code,Num,Decimal,Name,Locations
AED,784,2,United Arab Emirates dirham,"United Arab Emirates"
AFN,971,2,Afghan afghani,"Afghanistan"
ALL,008,2,Albanian lek,"Albania"
AMD,051,2,Armenian dram,"Armenia"
ANG,532,2,Netherlands Antillean guilder,"Curaçao,Sint Maarten"
AOA,973,2,Angolan kwanza,"Angola"
ARS,032,2,Argentine peso,"Argentina"
AUD,036,2,Australian dollar,"Australia,Christmas Island,Cocos (Keeling) Islands,Heard Island and McDonald Islands,Kiribati,Nauru,Norfolk Island,Tuvalu"
AWG,533,2,Aruban florin,"Aruba"
AZN,944,2,Azerbaijani manat,"Azerbaijan"
BAM,977,2,Bosnia and Herzegovina convertible mark,"Bosnia and Herzegovina"
BBD,052,2,Barbados dollar,"Barbados"
BDT,050,2,Bangladeshi taka,"Bangladesh"
BGN,975,2,Bulgarian lev,"Bulgaria"
BHD,048,3,Bahraini dinar,"Bahrain"
BIF,108,0,Burundian franc,"Burundi"
BMD,060,2,Bermudian dollar,"Bermuda"
BND,096,2,Brunei dollar,"Brunei"
BOB,068,2,Boliviano,"Bolivia"
BOV,984,2,Bolivian Mvdol,"Bolivia"
BRL,986,2,Brazilian real,"Brazil"
BSD,044,2,Bahamian dollar,"Bahamas"
BTN,064,2,Bhutanese ngultrum,"Bhutan"
BWP,072,2,Botswana pula,"Botswana"
BYN,933,2,Belarusian ruble,"Belarus"
BZD,084,2,Belize dollar,"Belize"
CAD,124,2,Canadian dollar,"Canada"
CDF,976,2,Congolese franc,"Democratic Republic of the Congo"
CHE,947,2,WIR,"Switzerland"
CHF,756,2,Swiss franc,"Switzerland,Liechtenstein"
CHW,948,2,WIR,"Switzerland"
CLF,990,4,Unidad de Fomento,"Chile"
CLP,152,0,Chilean peso,"Chile"
COP,170,2,Colombian peso,"Colombia"
COU,970,2[6],Unidad de Valor Real  [6],"Colombia"
CRC,188,2,Costa Rican colon,"Costa Rica"
CUP,192,2,Cuban peso,"Cuba"
CVE,132,2,Cape Verdean escudo,"Cabo Verde"
CZK,203,2,Czech koruna,"Czechia,[7]"
DJF,262,0,Djiboutian franc,"Djibouti"
DKK,208,2,Danish krone,"Denmark,Faroe Islands,Greenland"
DOP,214,2,Dominican peso,"Dominican Republic"
DZD,012,2,Algerian dinar,"Algeria"
EGP,818,2,Egyptian pound,"Egypt"
ERN,232,2,Eritrean nakfa,"Eritrea"
ETB,230,2,Ethiopian birr,"Ethiopia"
EUR,978,2,Euro,"Åland Islands,European Union,Andorra,[c],Austria,Belgium,Croatia,Cyprus,Estonia,Finland,France,French Guiana,French Southern and Antarctic Lands,Germany,Greece,Guadeloupe,Ireland,Italy,Kosovo,[d],Latvia,Lithuania,Luxembourg,Malta,Martinique,Mayotte,Monaco,[c],Montenegro,[d],Netherlands,Portugal,Réunion,Saint Barthélemy,Saint Martin,Saint Pierre and Miquelon,San Marino,[c],Slovakia,Slovenia,Spain,Vatican City,[c]"
FJD,242,2,Fiji dollar,"Fiji"
FKP,238,2,Falkland Islands pound,"Falkland Islands"
GBP,826,2,Pound sterling,"United Kingdom,Isle of Man,Manx pound,Jersey,Jersey pound,Guernsey,Guernsey pound,Tristan da Cunha"
GEL,981,2,Georgian lari,"Georgia"
GHS,936,2,Ghanaian cedi,"Ghana"
GIP,292,2,Gibraltar pound,"Gibraltar"
GMD,270,2,Gambian dalasi,"Gambia"
GNF,324,0,Guinean franc,"Guinea"
GTQ,320,2,Guatemalan quetzal,"Guatemala"
GYD,328,2,Guyanese dollar,"Guyana"
HKD,344,2,Hong Kong dollar,"Hong Kong"
HNL,340,2,Honduran lempira,"Honduras"
HTG,332,2,Haitian gourde,"Haiti"
HUF,348,2,Hungarian forint,"Hungary"
IDR,360,2,Indonesian rupiah,"Indonesia"
ILS,376,2,Israeli new shekel,"Israel"
INR,356,2,Indian rupee,"India,Bhutan"
IQD,368,3,Iraqi dinar,"Iraq"
IRR,364,2,Iranian rial,"Iran"
ISK,352,0,Icelandic króna,"Iceland"
JMD,388,2,Jamaican dollar,"Jamaica"
JOD,400,3,Jordanian dinar,"Jordan"
JPY,392,0,Japanese yen,"Japan"
KES,404,2,Kenyan shilling,"Kenya"
KGS,417,2,Kyrgyzstani som,"Kyrgyzstan"
KHR,116,2,Cambodian riel,"Cambodia"
KMF,174,0,Comoro franc,"Comoros"
KPW,408,2,North Korean won,"North Korea"
KRW,410,0[e],South Korean won,"South Korea"
KWD,414,3,Kuwaiti dinar,"Kuwait"
KYD,136,2,Cayman Islands dollar,"Cayman Islands"
KZT,398,2,Kazakhstani tenge,"Kazakhstan"
LAK,418,2,Lao kip,"Laos"
LBP,422,2,Lebanese pound,"Lebanon"
LKR,144,2,Sri Lankan rupee,"Sri Lanka"
LRD,430,2,Liberian dollar,"Liberia"
LSL,426,2,Lesotho loti,"Lesotho"
LYD,434,3,Libyan dinar,"Libya"
MAD,504,2,Moroccan dirham,"Morocco,Western Sahara"
MDL,498,2,Moldovan leu,"Moldova"
MGA,969,2[f],Malagasy ariary,"Madagascar"
MKD,807,2,Macedonian denar,"North Macedonia"
MMK,104,2,Myanmar kyat,"Myanmar"
MNT,496,2,Mongolian tögrög,"Mongolia"
MOP,446,2,Macanese pataca,"Macau"
MRU,929,2[f][9],Mauritanian ouguiya,"Mauritania"
MUR,480,2,Mauritian rupee,"Mauritius"
MVR,462,2,Maldivian rufiyaa,"Maldives"
MWK,454,2,Malawian kwacha,"Malawi"
MXN,484,2,Mexican peso,"Mexico"
MXV,979,2,Mexican Unidad de Inversion,"Mexico"
MYR,458,2,Malaysian ringgit,"Malaysia"
MZN,943,2,Mozambican metical,"Mozambique"
NAD,516,2,Namibian dollar,"Namibia"
NGN,566,2,Nigerian naira,"Nigeria"
NIO,558,2,Nicaraguan córdoba,"Nicaragua"
NOK,578,2,Norwegian krone,"Norway,Svalbard,Jan Mayen,Bouvet Island"
NPR,524,2,Nepalese rupee,"Nepal"
NZD,554,2,New Zealand dollar,"New Zealand,Cook Islands,Niue,Pitcairn Islands,Pitcairn Islands dollar,Tokelau"
OMR,512,3,Omani rial,"Oman"
PAB,590,2,Panamanian balboa,"Panama"
PEN,604,2,Peruvian sol,"Peru"
PGK,598,2,Papua New Guinean kina,"Papua New Guinea"
PHP,608,2,Philippine peso[10],"Philippines"
PKR,586,2,Pakistani rupee,"Pakistan"
PLN,985,2,Polish złoty,"Poland"
PYG,600,0,Paraguayan guaraní,"Paraguay"
QAR,634,2,Qatari riyal,"Qatar"
RON,946,2,Romanian leu,"Romania"
RSD,941,2,Serbian dinar,"Serbia"
CNY,156,2,Renminbi[11],"China"
RUB,643,2,Russian ruble,"Russia"
RWF,646,0,Rwandan franc,"Rwanda"
SAR,682,2,Saudi riyal,"Saudi Arabia"
SBD,090,2,Solomon Islands dollar,"Solomon Islands"
SCR,690,2,Seychelles rupee,"Seychelles"
SDG,938,2,Sudanese pound,"Sudan"
SEK,752,2,Swedish krona,"Sweden"
SGD,702,2,Singapore dollar,"Singapore"
SHP,654,2,Saint Helena pound,"Saint Helena,Ascension Island"
SLE,925,2,Sierra Leonean leone [12][13][14],"Sierra Leone"
SLL,694,2,Sierra Leonean leone [12][13][14][15],"Sierra Leone"
SOS,706,2,Somali shilling,"Somalia"
SRD,968,2,Surinamese dollar,"Suriname"
SSP,728,2,South Sudanese pound,"South Sudan"
STN,930,2[16],São Tomé and Príncipe dobra,"São Tomé and Príncipe"
SVC,222,2,Salvadoran colón,"El Salvador"
SYP,760,2,Syrian pound,"Syria"
SZL,748,2,Swazi lilangeni,"Eswatini,[10]"
THB,764,2,Thai baht,"Thailand"
TJS,972,2,Tajikistani somoni,"Tajikistan"
TMT,934,2,Turkmenistan manat,"Turkmenistan"
TND,788,3,Tunisian dinar,"Tunisia"
TOP,776,2,Tongan paʻanga,"Tonga"
TRY,949,2,Turkish lira,"Turkey"
TTD,780,2,Trinidad and Tobago dollar,"Trinidad and Tobago"
TWD,901,2,New Taiwan dollar,"Taiwan"
TZS,834,2,Tanzanian shilling,"Tanzania"
UAH,980,2,Ukrainian hryvnia,"Ukraine"
UGX,800,0,Ugandan shilling,"Uganda"
USD,840,2,United States dollar,"United States,American Samoa,British Indian Ocean Territory,British Virgin Islands,Caribbean Netherlands,Ecuador,El Salvador,Guam,Marshall Islands,Federated States of Micronesia,Northern Mariana Islands,Palau,Panama,Panamanian Balboa,Puerto Rico,Timor-Leste,Turks and Caicos Islands,U.S. Virgin Islands,United States Minor Outlying Islands"
USN,997,2,United States dollar,"United States"
UYI,940,0,Uruguay Peso en Unidades Indexadas,"Uruguay"
UYU,858,2,Uruguayan peso,"Uruguay"
UYW,927,4,Unidad previsional[17],"Uruguay"
UZS,860,2,Uzbekistan sum,"Uzbekistan"
VED,926,2,Venezuelan digital bolívar[18],"Venezuela"
VES,928,2,Venezuelan sovereign bolívar[10],"Venezuela"
VND,704,0,Vietnamese đồng,"Vietnam"
VUV,548,0,Vanuatu vatu,"Vanuatu"
WST,882,2,Samoan tala,"Samoa"
XAF,950,0,CFA franc BEAC,"Cameroon,Central African Republic,Republic of the Congo,Chad,Equatorial Guinea,Gabon"
XAG,961,.,Silver,""
XAU,959,.,Gold,""
XBA,955,.,European Composite Unit,""
XBB,956,.,European Monetary Unit,""
XBC,957,.,European Unit of Account 9,""
XBD,958,.,European Unit of Account 17,""
XCD,951,2,East Caribbean dollar,"Anguilla,Antigua and Barbuda,Dominica,Grenada,Montserrat,Saint Kitts and Nevis,Saint Lucia,Saint Vincent and the Grenadines"
XDR,960,.,Special drawing rights,"International Monetary Fund"
XOF,952,0,CFA franc BCEAO,"Benin,Burkina Faso,Côte d'Ivoire,Guinea-Bissau,Mali,Niger,Senegal,Togo"
XPD,964,.,Palladium,""
XPF,953,0,CFP franc,"French Polynesia,New Caledonia,Wallis and Futuna"
XPT,962,.,Platinum,""
XSU,994,.,SUCRE,"[19]"
XTS,963,.,Code reserved for testing,""
XUA,965,.,ADB Unit of Account,"African Development Bank,[20]"
XXX,999,.,No currency,""
YER,886,2,Yemeni rial,"Yemen"
ZAR,710,2,South African rand,"Eswatini,Lesotho,Namibia,South Africa"
ZMW,967,2,Zambian kwacha,"Zambia"
ZWL,932,2,Zimbabwean dollar [g],"Zimbabwe"